Currency,Event,Ticker
KRW Curncy,Exports 20 Days YoY,KOTBEXPY Index
KRW Curncy,Imports 20 Days YoY,KOTBIMPY Index
KRW Curncy,Exports YoY,KOEXTOTY Index
KRW Curncy,Imports YoY,KOIMTOTY Index
KRW Curncy,Trade Balance,KOTRBAL Index
KRW Curncy,BoP Current Account Balance,KOBPCB Index
KRW Curncy,BoP Goods Balance,KOBPTB Index
KRW Curncy,Trade Balance 20 Days,KOTBBAL Index
MYR Curncy,Trade Balance MYR,MAETTRBL Index
MYR Curncy,BoP Current Account Balance MYR,MACATOT Index
CNY Curncy,BoP Current Account Balance,CHCUCAB Index
CNY Curncy,Trade Balance CNY,CNTSTCN Index
CNY Curncy,Exports YoY CNY,CNTSECNY Index
CNY Curncy,Imports YoY CNY,CNTSICNY Index
CNY Curncy,Trade Balance,CNFRBAL$ Index
CNY Curncy,Exports YoY,CNFREXPY Index
CNY Curncy,Imports YoY,CNFRIMPY Index
CNY Curncy,FDI YTD YoY CNY,CNDIACRY Index
CNY Curncy,Trade Balance YTD,CNFRCBAL Index
CNY Curncy,Exports YTD YoY,CNFRCEXY Index
CNY Curncy,Imports YTD YoY,CNFRCIMY Index
CNY Curncy,Exports YTD YoY CNY,CNTSECCY Index
CNY Curncy,Imports YTD YoY CNY,CNTSICCY Index
CNY Curncy,Trade Balance YTD CNY,CNTSTCNC Index
THB Curncy,Customs Imports YoY,THCTIMPY Index
THB Curncy,Customs Exports YoY,THCTEXPY Index
THB Curncy,Customs Trade Balance,THCTTB Index
THB Curncy,BoP Current Account Balance,THCA Index
THB Curncy,Exports,THNFEXP Index
THB Curncy,Exports YoY,THNFEXPY Index
THB Curncy,Imports,THNFIMP Index
THB Curncy,Trade Balance,THNFTB Index
THB Curncy,Imports YoY,THNFIMPY Index
THB Curncy,BoP Overall Balance,THOBAL Index
IDR Curncy,Trade Balance,IDBALTOL Index
IDR Curncy,Exports YoY,IDEXPY Index
IDR Curncy,Imports YoY,IDIMPTLY Index
IDR Curncy,BoP Current Account Balance,IDCABAL Index
TWD Curncy,Export Orders YoY,TWEOTTLY Index
TWD Curncy,Imports YoY,TWTRIMPY Index
TWD Curncy,Trade Balance,TWTRBAL Index
TWD Curncy,Exports YoY,TWTREXPY Index
INR Curncy,Trade Balance,INMTBAL$ Index
INR Curncy,Exports YoY,INMTEXUY Index
INR Curncy,Imports YoY,INMTIMUY Index
JPY Curncy,Trade Balance,JNTBAL Index
JPY Curncy,Trade Balance Adjusted,JNTBALA Index
JPY Curncy,Exports YoY,JNTBEXPY Index
JPY Curncy,Imports YoY,JNTBIMPY Index
JPY Curncy,BoP Current Account Balance,JNBPAB Index
JPY Curncy,BoP Current Account Adjusted,JNBPABA Index
JPY Curncy,Trade Balance BoP Basis,JNBPTRD Index
AUD Curncy,Trade Balance,AUITGSB Index
AUD Curncy,Exports MoM,AUITEXP% Index
AUD Curncy,Imports MoM,AUITIMP% Index
AUD Curncy,BoP Current Account Balance,AUCABAL Index
GBP Curncy,Visible Trade Balance GBP/Mn,UKTBALEE Index
GBP Curncy,Trade Balance GBP/Mn,UKTBTTBA Index
GBP Curncy,Current Account Balance,UKCA Index
EUR Curncy,ECB Current Account SA,EUSATOTN Index
SGD Curncy,Non-oil Domestic Exports SA MoM,STRDNODC Index
SGD Curncy,Non-oil Domestic Exports YoY,SIEXNON% Index
SGD Curncy,Electronic Exports YoY,SIEXEYOY Index
KRW Curncy,Singapore Imports from South K,SIMCKREA Index
MYR  Curncy,Singapore Imports from Malaysi,SIMCMALY Index
CNY Curncy,Singapore Imports from China,SIMCCHNA Index
THB  Curncy,Singapore Imports from Thailan,SIMCTHAI Index
IDR Curncy,Singapore Imports to India,SIMCINDI Index
INR Curncy,Singapore Imports from Indones,SIMCINDO Index
TWD Curncy,Singapore Imports from Taiwan,SIMCTAIW Index
JPY Curncy,Singapore Imports from Japan,SIMCJAPN Index
EUR Curncy,Singapore Imports from EU,SIMCEU Index
AUD Curncy,Singapore Imports from Austral,SIMCAUST Index
GBP Curncy,Singapore Imports from UK,SIMCUK Index
USD Curncy,Singapore Imports from USA,SIMCUSA Index
